dummy;;;;;;;;;x
NAN;Nanjing;;;;;;;;;x
NAN_ADJ;Nanjing;;;;;;;;;x
FSA;Free States of America;;;;;;;;;x
FSA_ADJ;Free American;;;;;;;;;x
PAK;Pakistan;;;;;;;;;x
PAK_ADJ;Pakistani;;;;;;;;;x
MGH;Mughal Empire;;;;;;;;;x
MGH_ADJ;Mughal;;;;;;;;;x
AEG;Aegean Republic;;;;;;;;;x
AEG_ADJ;Aegean;;;;;;;;;x
AEG_hms_government;Aegean Kingdom;;;;;;;;;x
AEG_prussian_constitutionalism;Aegean Kingdom;;;;;;;;;x
AEG_absolute_monarchy;Aegean Kingdom;;;;;;;;;x
NORMAL_WAR_NEGOTIATE_NAME;Negotiated Transfer;;;;;;;;;x
NORMAL_WAR_ITALY_REUNIFY_NAME;War of Italian Unification;;;;;;;;;x
NORMAL_WAR_CHINA_REUNIFY_NAME;War of Chinese Reunification;;;;;;;;;x
italy_must_come_together;Italian Unification;;;;;;;;;x
china_must_come_together;Chinese Reunification;;;;;;;;;x
italy_must_come_together_short;Acquire Italian State $STATE$;;;;;;;;;x
china_must_come_together_short;Acquire Chinese State $STATE$;;;;;;;;;x
italy_must_come_together_setup;Italian Unification;;;;;;;;;x
china_must_come_together_setup;Chinese Reunification;;;;;;;;;x
italy_must_come_together_desc;Italian Unification;;;;;;;;;x
china_must_come_together_desc;Chinese Reunification;;;;;;;;;x
caucasian;Caucasian;;;;;;;;;x
ruthenian;Ruthenian;;;;;;;;;x
mountain_german;Alpine German;;;;;;;;;x
DAN;Danubia;;;;;;;;;x
DAN_ADJ;Danubian;;;;;;;;;x
big_country_leadership;Leadership buff for large nations;;;;;;;;;x
PRB;Portugal-Brazil;;;;;;;;;x
PRB_ADJ;Porto-Brazilian;;;;;;;;;x
ethiopian;Ethiopian;;;;;;;;;x
deep_defense;Deep Defense;;;;;;;;;x
modern_defense;Modern Defense;;;;;;;;;x
modern_divisional_tactics;Modern Divisional Tactics;;;;;;;;;x
statistical_mobilization;Statistical Mobilization;;;;;;;;;x
mobilization_logistics;Mobilization Logistics;;;;;;;;;x
total_war_mobilization;Total War Mobilization;;;;;;;;;x
deep_defense_desc;Deep Defense;;;;;;;;;x
modern_defense_desc;Modern Defense;;;;;;;;;x
modern_divisional_tactics_desc;Modern Divisional Tactics;;;;;;;;;x
statistical_mobilization_desc;you get a mob stack, and you get a mob stack!;;;;;;;;;x
mobilization_logistics;you get a mob stack, and you get a mob stack!;;;;;;;;;x
total_war_mobilization_desc;you get a mob stack, and you get a mob stack!;;;;;;;;;x
early_game_reform_desire_militancy;Militancy for reform desire (early game);;;;;;;;;x
early_midgame_reform_desire_militancy;Militancy for reform desire (early midgame);;;;;;;;;x
late_midgame_reform_desire_militancy;Militancy for reform desire (late midgame);;;;;;;;;x
late_game_reform_desire_militancy;Militancy for reform desire (late game);;;;;;;;;x
unciv_can_mobilize_yay;Unciv mobilization buff;;;;;;;;;x
total_war;Total war;;;;;;;;;x
total_war_desc;Full siege me down;;;;;;;;;x
EGY_1751;Alexandria;;;;;;;;;x
requesting_cease_fire;Requesting Cease Fire;;;;;;;;;x
shock_infantry_activation;Shock Infantry;;;;;;;;;x
guard_activation;Guards;;;;;;;;;x
infantry_activation;Infantry;;;;;;;;;x
MOR_1695;Ifni;;;;;;;;;x
FRA_1786;Inner Senegal;;;;;;;;;x
FRA_1880;North Guinea;;;;;;;;;x
FRA_1879;South Guinea;;;;;;;;;x
FRA_1889;Inner Liberia;;;;;;;;;x
FRA_1908;Cape Coast;;;;;;;;;x
FRA_1923_two;Lagos;;;;;;;;;x
POR_2000;Congolese Coast;;;;;;;;;x
ENG_2037;Kenya Coast;;;;;;;;;x
mobilize_by_air;Airplane Mobilization;;;;;;;;;x
mobilize_by_air_desc;you get a mob stack, and you get a mob stack!;;;;;;;;;x
national_idea_timer;National Idea Timer;;;;;;;;;x
national_idea_timer_desc;After this modifier expires, you may pick another national idea.;;;;;;;;;x
naval_idea;Naval Idea;;;;;;;;;x
naval_idea_desc;Modifiers to improve the navy. These may be picked every 15 years.;;;;;;;;;x
economic_idea;Economic Idea;;;;;;;;;x
economic_idea_desc;Modifiers to improve the economy. These may be picked every 15 years.;;;;;;;;;x
industry_idea;Industry Idea;;;;;;;;;x
industry_idea_desc;Modifiers to improve the industry. These may be picked every 15 years.;;;;;;;;;x
political_idea;Political Idea;;;;;;;;;x
political_idea_desc;Modifier to improve the political situation. These may be picked every 15 years.;;;;;;;;;x
diplomatic_idea;Diplomatic Idea;;;;;;;;;x
diplomatic_idea_desc;Modifier to improve the diplomatic situation. These may be picked every 15 years.;;;;;;;;;x
army_quantity_idea;Quantity Idea;;;;;;;;;x
army_quantity_idea_desc;Modifier to improve army quantity & logistics. These may be picked every 15 years.;;;;;;;;;x
army_quality_idea;Quality Idea;;;;;;;;;x
army_quality_idea_desc;Modifier to improve army quality. These may be picked every 15 years.;;;;;;;;;x
YUA;Yuan;;;;;;;;;x
YUA_ADJ;Yuan;;;;;;;;;x
YUA_absolute_monarchy;Yuan Dynasty;;;;;;;;;x
YUA_prussian_constitutionalism;Yuan Dynasty;;;;;;;;;x
YUA_hms_government;Yuan Dynasty;;;;;;;;;x
YUA_adjective;Yuan;;;;;;;;;x
PROV3249;Rodrigues;;;;;;;;;x
PROV3250;Ilha de Santo Antão;;;;;;;;;x
PROV3251;Boa Vista;;;;;;;;;x
nv_none;None;;;;;;;;;x
NET_1413;West Java;;;;;;;;;x
NET_1418;East Java;;;;;;;;;x
tech_school_timer;Tech School Timer;;;;;;;;;x
tech_school_timer_desc;After this modifier expires, you may change your tech school again.;;;;;;;;;x
PBL;Peru-Bolivia;;;;;;;;;x
PBL_ADJ;Peru-Bolivian;;;;;;;;;x
INC;Incan Republic;;;;;;;;;x
INC_ADJ;Incan;;;;;;;;;x
INC_absolute_monarchy;Incan Empire;;;;;;;;;x
INC_prussian_constitutionalism;Incan Empire;;;;;;;;;x
INC_hms_government;Incan Empire;;;;;;;;;x
BNK;Bankland;;;;;;;;;x
BNK_ADJ;Banker;;;;;;;;;x
bankers;Bankers;;;;;;;;;x
PRU_544;West Pomerania;;;;;;;;;x
PRU_546;East Pomerania;;;;;;;;;x
acquire_state_tiny_desc;Aquire a tiny enemy §Ystate§W;;;;;;;;;x
acquire_state_tiny;Acquire tiny state;;;;;;;;;x
acquire_state_tiny_short;Acquire tiny state $STATE$;;;;;;;;;x
acquire_state_tiny_setup;Acquire tiny state $STATE$ from $RECIPIENT$;;;;;;;;;x
acquire_state_small_desc;Acquire a small enemy §Ystate§W;;;;;;;;;x
acquire_state_small;Acquire small state;;;;;;;;;x
acquire_state_small_short;Acquire small state $STATE$;;;;;;;;;x
acquire_state_small_setup;Acquire small state $STATE$ from $RECIPIENT$;;;;;;;;;x
acquire_state_medium_desc;Acquire a medium enemy §Ystate§W;;;;;;;;;x
acquire_state_medium;Acquire medium state;;;;;;;;;x
acquire_state_medium_short;Acquire medium state $STATE$;;;;;;;;;x
acquire_state_medium_setup;Acquire medium state $STATE$ from $RECIPIENT$;;;;;;;;;x
acquire_state_large_desc;Acquire a large enemy §Ystate§W;;;;;;;;;x
acquire_state_large;Acquire large state;;;;;;;;;x
acquire_state_large_short;Acquire large state $STATE$;;;;;;;;;x
acquire_state_large_setup;Acquire large state $STATE$ from $RECIPIENT$;;;;;;;;;x
acquire_state_huge_desc;Acquire a huge enemy §Ystate§W;;;;;;;;;x
acquire_state_huge;Acquire huge state;;;;;;;;;x
acquire_state_huge_short;Acquire huge state $STATE$;;;;;;;;;x
acquire_state_huge_setup;Acquire huge state $STATE$ from $RECIPIENT$;;;;;;;;;x
china_unciv_modifier;Uncivilized China;;;;;;;;;x;;;;
china_civ_modifier;Civilized China;;;;;;;;;x;;;;
china_unciv_modifier_desc;Uncivilized China;;;;;;;;;x;;;;
china_civ_modifier_desc;Civilized China;;;;;;;;;x;;;;
corrupt_administrative_state;Corrupt Administration;;;;;;;;;x;;;;
incompetent_administrative_state;Incompetent Administration;;;;;;;;;x;;;;
effective_administrative_state;Effective Administration;;;;;;;;;x;;;;
administrative_reform;Administrative Professionalism;;;;;;;;;x;;;;
corrupt_administrative_state_desc;§GThis reform can be advanced via decision!§!\nThe bureaucracy works in bad faith for their own personal gain. This may be paired with systematic incompetence, but it certaintly hampers our state's ability to govern effectively regardless.;;;;;;;;;x;;;;
incompetent_administrative_state_desc;§GThis reform can be advanced via decision!§!\nThe bureaucracy genuinely works as well as it can for the good of the state and the nation as a whole, however due to either a lack of funding, bad systemic policies, or simply an incompetent bureaucratic base, it simply is not able to perform the tasks required of it professionally, promptly, and properly.;;;;;;;;;x;;;;
effective_administrative_state_desc;§GThis reform can be advanced via decision!§!\nThe bureaucracy quickly, professionally, and efficiently executes what is demanded of it by our government. This will certaintly save a lot of headaches, both of our average people, capitalists, government workers and leadership!;;;;;;;;;x;;;;
place_in_the_sun_small;Place In The Sun (Small);;;;;;;;;x;;;;
place_in_the_sun_small_desc;Acquire a small (<300k pop) enemy §Ycolony§W;;;;;;;;;x;;;;
place_in_the_sun_small_short;Acquire small colony $STATE$;;;;;;;;;x;;;;
place_in_the_sun_small_setup;Acquire small colony $STATE$ from $RECIPIENT$;;;;;;;;;x;;;;
place_in_the_sun_large;Place In The Sun (Large);;;;;;;;;x;;;;
place_in_the_sun_large_desc;Acquire a large (300k+ pop) enemy §Ycolony§W;;;;;;;;;x;;;;
place_in_the_sun_large_short;Acquire large colony $STATE$;;;;;;;;;x;;;;
place_in_the_sun_large_setup;Acquire large colony $STATE$ from $RECIPIENT$;;;;;;;;;x;;;;
MEX_north_america_win;North American Hegemony;;;;;;;;;x;;;;
MEX_north_america_win;Achieved North American Hegemony;;;;;;;;;x;;;;
naval_ideas;Naval Idea;;;;;;;;;x;;;;
naval_ideas_desc;Naval Idea;;;;;;;;;x;;;;
minor_conquest;Minor Conquest;;;;;;;;;x;;;;
minor_conquest_desc;Conquer a small nation.;;;;;;;;;x;;;;
minor_conquest_short;Conquer $RECIPIENT$;;;;;;;;;x;;;;
minor_conquest_setup;Conquer $RECIPIENT$;;;;;;;;;x;;;;
healing_wounds;Healing Wounds;;;;;;;;;x;;;;
healing_wounds_desc;We are still recovering from the deep divisions caused by the slavery debate and subsequent civil war.;;;;;;;;;x;;;;
southern_riots;The Bleeding South;;;;;;;;;x;;;;
southern_riots_desc;Due to our expansion of civil rights to southern negroes, the south is engulfed in white riots and negro counter-riots. The southern whites say we have overstepped the bounds of states' rights, while the southern negroes claim we have not gone far enough, and have not done enough to put down white riots. We must simply pray that the anger burns itself out, and that peace soon returns to the southern states.;;;;;;;;;x;;;;
extra_mob_1;Patriotic Fervor;;;;;;
extra_mob_1_desc;Patriotic Fervor;;;;;;
extra_mob_2;Patriotic Fervor;;;;;;
extra_mob_2_desc;Patriotic Fervor;;;;;;
PROV3252;Nerchinsk;;;;;;
PROV3253;Mogocha;;;;;;
corn_laws;Corn Laws;;;;;;
corn_laws_desc;The Corn Laws were a set of laws blocking import of cheap corn.;;;;;;
GHO;Ghostland;;;;;;
GHO_ADJ;Ghostland;;;;;;
PROV3254;Chita;;;;;;
PROV3255;Kurumkan;;;;;;;
TNY;Tiny State Flag\n\n§WThis tag exists to tell you which cb to use for this state. The sizes are as follows:\n\n\nearly (pre 1866):\ntiny - <187.5k\nsmall - >187.5k <375k\nmedium - >375k <525k\nlarge - >525k <825k\nhuge - >825k\n\nmiddle (pre 1896 post 1866):\ntiny - <300k\nsmall - >300k <565k\nmedium - >565k <900k\nlarge - >900k <1200k\nhuge - >1200k\n\nlate (post 1896):\ntiny - <450k\nsmall - >450k <825k\nmedium - >825k <1200k\nlarge - >1200k <1875k\nhuge - >1875k;;;;;;
SML;Small State Flag\n\n§WThis tag exists to tell you which cb to use for this state. The sizes are as follows:\n\n\nearly (pre 1866):\ntiny - <187.5k\nsmall - >187.5k <375k\nmedium - >375k <525k\nlarge - >525k <825k\nhuge - >825k\n\nmiddle (pre 1896 post 1866):\ntiny - <300k\nsmall - >300k <565k\nmedium - >565k <900k\nlarge - >900k <1200k\nhuge - >1200k\n\nlate (post 1896):\ntiny - <450k\nsmall - >450k <825k\nmedium - >825k <1200k\nlarge - >1200k <1875k\nhuge - >1875k;;;;;;
MED;Medium State Flag\n\n§WThis tag exists to tell you which cb to use for this state. The sizes are as follows:\n\n\nearly (pre 1866):\ntiny - <187.5k\nsmall - >187.5k <375k\nmedium - >375k <525k\nlarge - >525k <825k\nhuge - >825k\n\nmiddle (pre 1896 post 1866):\ntiny - <300k\nsmall - >300k <565k\nmedium - >565k <900k\nlarge - >900k <1200k\nhuge - >1200k\n\nlate (post 1896):\ntiny - <450k\nsmall - >450k <825k\nmedium - >825k <1200k\nlarge - >1200k <1875k\nhuge - >1875k;;;;;;
LRG;Large State Flag\n\n§WThis tag exists to tell you which cb to use for this state. The sizes are as follows:\n\n\nearly (pre 1866):\ntiny - <187.5k\nsmall - >187.5k <375k\nmedium - >375k <525k\nlarge - >525k <825k\nhuge - >825k\n\nmiddle (pre 1896 post 1866):\ntiny - <300k\nsmall - >300k <565k\nmedium - >565k <900k\nlarge - >900k <1200k\nhuge - >1200k\n\nlate (post 1896):\ntiny - <450k\nsmall - >450k <825k\nmedium - >825k <1200k\nlarge - >1200k <1875k\nhuge - >1875k;;;;;;
HUG;Huge State Flag\n\n§WThis tag exists to tell you which cb to use for this state. The sizes are as follows:\n\n\nearly (pre 1866):\ntiny - <187.5k\nsmall - >187.5k <375k\nmedium - >375k <525k\nlarge - >525k <825k\nhuge - >825k\n\nmiddle (pre 1896 post 1866):\ntiny - <300k\nsmall - >300k <565k\nmedium - >565k <900k\nlarge - >900k <1200k\nhuge - >1200k\n\nlate (post 1896):\ntiny - <450k\nsmall - >450k <825k\nmedium - >825k <1200k\nlarge - >1200k <1875k\nhuge - >1875k;;;;;;
colonial_migration_idea;Colonial Migration Idea;;;;;;
colonial_migration_idea_desc;This idea enables a decision to toggle Colonial Migration.;;;;;;
education_idea;Education Idea;;;;;;
education_idea_desc;Modifier to improve education efficiency. These may be picked every 15 years.;;;;;;
promotion_idea;Promotion Idea;;;;;;
promotion_idea_desc;Modifier to improve promotion rates (the effect is visible if you click a pop and hover the number of monthly promotions). These may be picked every 15 years.;;;;;;
JAP_1672;West Tohoku;;;;;;
JAP_1669;East Tohoku;;;;;;
JAP_1674;North Kanto;;;;;;
JAP_1649;South Kanto;;;;;;
JAP_1645;North Chubu;;;;;;
JAP_1675;South Chubu;;;;;;
JAP_1655;Kyoto;;;;;;
JAP_1658;Nara;;;;;;
JAP_1659;Kobe-Matsue;;;;;;
JAP_1640;Chugoku;;;;;;
JAP_1660;Nagasaki;;;;;;
JAP_1664;Kyushu;;;;;;
JAP_1665;Shikoku;;;;;;
PROV3256;Irkutsk;;;;;;
province_selector;Province Selector;;;;;;
province_attract_immigrants;Migration Focus;;;;;;
assim_focus;Assimilation Focus;;;;;;;
ASS;Assimilation Focus\n§W---------------\nThis tag exists to make sure that the effects of the assimilation focus from the province modifier is applied properly.§!				\n;;;;;;;
ASS_ADJ;Assimilation;;;;;;
CHI_1552;North Manchuria;;;;;;
assim_idea;Assimilation Idea;;;;;;
assim_idea_desc;Modifier to improve assimilation rates. These may be picked every 15 years.;;;;;;
GW_NAME;The Great War;;;;;;
GW_DESC;--------------------------\nThis is an experimental bookmark for a ww1 scenario. The basic idea is that it would be played in multiplayer in a similar way to a HOI game, in one continuous session until one side wins or a stalemate is agreed upon. There is very little railroading, so feel free to mess with the sides ahistorically to make new interesting scenarios.\n\nThere is also a decision for Germany to start a historical great war (with four different sizes). This decision enables events for each member of the war to surrender based on certain conditions, such as percent occupied and war exhaustion.;;;;;;
greater_east_asian_co_prosperity_sphere_modifier;Greater East Asian Co-Prosperity Sphere;;;;;;
greater_east_asian_co_prosperity_sphere_modifier_desc;Greater East Asian Co-Prosperity Sphere;;;;;;
diplomatic_offensive;Diplomatic Offensive;;;;;;
diplomatic_offensive_desc;Our diplomats are working hard to improve our standing on the world stage, with great success!;;;;;;
britain_tgw;The British Army;;;;;;
britain_tgw_desc;The British Army;;;;;;
meritocracy;§G+0.1 Promotion Rate§! Meritocracy;;;;;;
meritocracy_desc;Meritocracy;;;;;;
BNG;Bengal;;;;;;
BNG_ADJ;Bengali;;;;;;
JAU;Jaunpur;;;;;;
JAU_ADJ;Jaunpuri;;;;;;
HYD;Hyderabad;;;;;;
HYD_ADJ;Hyderabad;;;;;;
TML;Tamil Federation;;;;;;
TML_ADJ;Tamil;;;;;;
health_system;Health System;;;;;;
private_health_system;Private Health System;;;;;;
private_health_system_desc;Private-only health system. (Disallows investment into healthcare);;;;;;
mixed_health_system;Mixed Health System;;;;;;
mixed_health_system_desc;Private and Public health system. (Limits investment into healthcare);;;;;;
public_health_system;Public Health System;;;;;;
public_health_system_desc;Public health system;;;;;;
education_system;Education System;;;;;;
private_edu_system;Private Education System;;;;;;
private_edu_system_desc;Private-only education system. (Disallows investment into education);;;;;;
mixed_edu_system;Subsidized Education System;;;;;;
mixed_edu_system_desc;Subsidized education system. (Limits investment into education);;;;;;;
public_edu_system;Public Education System;;;;;;
public_edu_system_desc;Public-only education system;;;;;;
school_reforms;School Investment;;;;;;
no_schools;No School Investment;;;;;;
low_schools;Low School Investment;;;;;;
middling_schools;Middling School Investment;;;;;;
acceptable_schools;High School Investment;;;;;;
good_schools;Very High School Investment;;;;;;
no_schools_desc;No public school investment. §GReform advanced by decision!§!;;;;;;
low_schools_desc;Low public school investment. §GReform advanced by decision!§!;;;;;;;
middling_schools_desc;Middling public school investment. §GReform advanced by decision!§!;;;;;;
acceptable_schools_desc;High public school investment. §GReform advanced by decision!§!;;;;;;
good_schools_desc;Very High public school investment. §GReform advanced by decision!§!;;;;;;
release_indian_puppet;Release Indian Puppet;;;;;;
release_indian_puppet_short;$THIRD$ is released;;;;;;
release_indian_puppet_setup;Release $THIRD$ from $RECIPIENT$;;;;;;
release_indian_puppet_desc;Release an Indian §Ycountry§W from its sovereign nation;;;;;;
economic_focus;Economic National Focuses;;;;;;
throughput_focus;Factory Throughput National Focus;;;;;;
efficiency_focus;Factory Efficiency National Focus;;;;;;
rgo_focus;RGO Output National Focus;;;;;;
political_focus;Political National Focuses;;;;;;
pacification_focus;Pacification National Focus;;;;;;
military_focus;Military National Focuses;;;;;;
scorched_earth_focus;Scorched Earth National Focus;;;;;;
supply_focus;Supply National Focus;;;;;;
navy_build_focus;Naval Expansion National Focus;;;;;;
SOV;Soviet Union;;;;;;
SOV_ADJ;Soviet;;;;;;
demoting_bureaucrats;Demote Bureaucrats Timer;;;;;;
demoting_bureaucrats_desc;When this expires, you may demote unaccepted bureaucrats again.;;;;;;
ARG_2391;Patagonia;;;;;;
integrating_india;Integrating India;;;;;;
integrating_india_desc;When this expires, you may annex another Indian puppet.;;;;;;
has_serfdom;Has Serfdom;;;;;;
serfdom_modifier;Serfdom §RNerfs Promotion§!;;;;;;
serfdom_modifier_desc;This modifier is removed by decision.\n§R-0.05 promotion rate§!;;;;;;
gambling_delay;Gambling Delay;;;;;;
gambling_delay_desc;Delay until you can gamble again.;;;;;;
great_rearmament_programme;Great Rearmament Programme;;;;;;
great_rearmament_programme_desc;Removes "Outdated Army" modifier when this ends.;;;;;;
outdated_army_russia;Outdated Army;;;;;;
outdated_army_russia_desc;Removed by Great Rearmament Programme decision;;;;;;
BKL;Bankland;;;;;;
BKL_ADJ;Banker;;;;;;
demand_concession_china_casus_belli;Demand Chinese Concession;;;;;;;;;x
demand_concession_china_casus_belli_short;Acquire Chinese state $STATE$;;;;;;;;;x
demand_concession_china_casus_belli_setup;Acquire Chinese state $STATE$ from $RECIPIENT$;;;;;;;;;x
advanced_forest_management;Advanced Forest Management;;;;;;
advanced_forest_management_desc;Advanced Forest Management;;;;;;
advanced_iron_mining;Advanced Iron Mining;;;;;;
advanced_iron_mining_desc;Advanced Iron Mining;;;;;;
fabric_factory_wool;Wool Fabric Factory;;;;;;
fabric_factory_wool_desc;Wool Fabric Factory;;;;;;
assim_tech_one;Classicism & Early Romanticism;;;;;;
assim_tech_two;Romanticism;;;;;;
assim_tech_three;Realism;;;;;;
assim_tech_four;Impressionism;;;;;;
assim_tech_five;Expressionism;;;;;;
assim_tech_six;Mass Culture & the Avant-Garde;;;;;;
advanced_transport_activation;Advanced Transports;;;;;;;;;x
advanced_transport;Advanced Transport;;;;;;
meiji_restored;Has completed the Meiji Restoration;;;;;;
catholic_modifier;Catholic Nation;;;;;;
catholic_modifier_desc;Roman Catholicism\n\nThis can be changed in the religion decision menu if you do not have the delay timer to select a new religion.;;;;;;
orthodox_modifier;Orthodox Nation;;;;;;
orthodox_modifier_desc;Eastern Orthodoxy\n\nThis can be changed in the religion decision menu if you do not have the delay timer to select a new religion.;;;;;;
protestant_modifier;Protestant Nation;;;;;;
protestant_modifier_desc;Protestantism\n\nThis can be changed in the religion decision menu if you do not have the delay timer to select a new religion.;;;;;;
coptic_modifier;Coptic Nation;;;;;;
coptic_modifier_desc;Coptic Orthodoxy\n\nThis can be changed in the religion decision menu if you do not have the delay timer to select a new religion.;;;;;;
sunni_modifier;Sunni Nation;;;;;;
sunni_modifier_desc;Sunnism\n\nThis can be changed in the religion decision menu if you do not have the delay timer to select a new religion.;;;;;;
shia_modifier;Shia Nation;;;;;;
shia_modifier_desc;Shia Islam\n\nThis can be changed in the religion decision menu if you do not have the delay timer to select a new religion.;;;;;;
ibadi_modifier;Ibadi Nation;;;;;;
ibadi_modifier_desc;Ibadism\n\nThis can be changed in the religion decision menu if you do not have the delay timer to select a new religion.;;;;;;
theravada_modifier;Theravada Nation;;;;;;
theravada_modifier_desc;Theravada Buddhism\n\nThis can be changed in the religion decision menu if you do not have the delay timer to select a new religion.;;;;;;
mahayana_modifier;Mahayana Nation;;;;;;
mahayana_modifier_desc;Mahayana Buddhism\n\nThis can be changed in the religion decision menu if you do not have the delay timer to select a new religion.;;;;;;
shinto_modifier;Shinto Nation;;;;;;
shinto_modifier_desc;Shinto\n\nThis can be changed in the religion decision menu if you do not have the delay timer to select a new religion.;;;;;;
atheism_modifier;Atheist Nation;;;;;;
atheism_modifier_desc;State Atheism\n\nThis can be changed in the religion decision menu if you do not have the delay timer to select a new religion.;;;;;;
religion_timer;Change Religion Timer;;;;;;
religion_timer_desc;When this timer expires, you may choose a new religion.;;;;;;
capital_supply_depot;Capital Supply Depot;;;;;;
capital_supply_depot_desc;This means you will take 0 attrition in this province, no matter how many units you put in it.;;;;;;
prov_supply_depot;Supply Depot;;;;;;
prov_supply_depot_desc;This means you will take 0 attrition in this province, no matter how many units you put in it.\nThese can be created with the province selector menu, you only have one per country. If you try to make a new one while you already have one, it will move it.;;;;;;
civ_land_reform;Land Reform;;;;;;
serfdom;Serfdom;;;;;;
serfdom_desc;Promotion Rate: §R-0.05§!;;;;;; 
tenant_farmers;Tenant Farmers;;;;;;
tenant_farmers_desc;Promotion Rate: §R-0.025§!;;;;;;
homesteading;Homesteading;;;;;;
homesteading_desc;   ;;;;;;
commercialized_agriculture;Commercialized Agriculture;;;;;;
commercialized_agriculture_desc;Promotion Rate: §G+0.025§!;;;;;;
collectivized_agriculture;Collectivized Agriculture;;;;;;
collectivized_agriculture_desc;§YConverts all aristocrats into craftsmen!§!;;;;;;
immigrant_rush;Immigration Boom;;;;;;
immigrant_rush_desc;Immigration Boom;;;;;;
USA_146;Missouri;;;;;;
REA;Research Center;;;;;;
REA_ADJ;Research;;;;;;
RDP;Viceroyalty of Rio de la Plata;;;;;;
RDP_ADJ;Rionese;;;;;;
VPR;Viceroyalty of Peru;;;;;;
VPR_ADJ;Peruvian;;;;;;
NSP;Viceroyalty of New Spain;;;;;;
NSP_ADJ;New Spanish;;;;;;
NGR;Viceroyalty of New Granada;;;;;;
NGR_ADJ;New Granadan;;;;;;
no_police;No Police;;;;;;
no_police_desc;No Police;;;;;;
local_police;Local Police;;;;;;
local_police_desc;Local Police;;;;;;
national_police;National Police;;;;;
national_police_desc;National Police;;;;;
totalitarianism;Totalitarianism;;;;;;
totalitarianism_desc;Totalitarianism;;;;;;
spain_vassal_tax_timer;Viceroyalty Tax Timer;;;;;;
spain_vassal_tax_timer_desc;When this runs out, if you have any viceroyalties, they will be forced to give you half of their treasury.;;;;;;
make_viceroy_puppet;Vassalize Viceroyalty;;;;;;
make_viceroy_puppet_setup;Vassalize Viceroyalty;;;;;;
make_viceroy_puppet_short;Vassalize Viceroyalty;;;;;;
research_center;Research Center;;;;;;
establish_german_dominance;Establish Dominance in Germany;;;;;;
establish_german_dominance_setup;Establish Dominance in Germany;;;;;;
establish_german_dominance_short;Establish Dominance in Germany;;;;;;
NORMAL_WAR_GERMAN_DOMINANCE_NAME;German Brothers' War;;;;;;
VARIABLE_0;§b0§Z;;;;;;;;;x
VARIABLE_1;§b1§Z;;;;;;;;;x
VARIABLE_2;§b2§Z;;;;;;;;;x
VARIABLE_3;§b3§Z;;;;;;;;;x
VARIABLE_4;§b4§Z;;;;;;;;;x
VARIABLE_5;§b5§Z;;;;;;;;;x
VARIABLE_6;§b6§Z;;;;;;;;;x
VARIABLE_7;§b7§Z;;;;;;;;;x
VARIABLE_8;§b8§Z;;;;;;;;;x
VARIABLE_9;§b9§Z;;;;;;;;;x
VARIABLE_10;§b10§Z;;;;;;;;;x
VARIABLE_11;§b11§Z;;;;;;;;;x
VARIABLE_12;§b12§Z;;;;;;;;;x
VARIABLE_13;§b13§Z;;;;;;;;;x
VARIABLE_14;§b14§Z;;;;;;;;;x
VARIABLE_15;§b15§Z;;;;;;;;;x
VARIABLE_16;§b16§Z;;;;;;;;;x
VARIABLE_17;§b17§Z;;;;;;;;;x
VARIABLE_18;§b18§Z;;;;;;;;;x
VARIABLE_19;§b19§Z;;;;;;;;;x
VARIABLE_20;§b20§Z;;;;;;;;;x
VARIABLE_21;§b21§Z;;;;;;;;;x
VARIABLE_22;§b22§Z;;;;;;;;;x
VARIABLE_23;§b23§Z;;;;;;;;;x
VARIABLE_24;§b24§Z;;;;;;;;;x
VARIABLE_25;§b25§Z;;;;;;;;;x
VARIABLE_26;§b26§Z;;;;;;;;;x
VARIABLE_27;§b27§Z;;;;;;;;;x
VARIABLE_28;§b28§Z;;;;;;;;;x
VARIABLE_29;§b29§Z;;;;;;;;;x
VARIABLE_30;§b30§Z;;;;;;;;;x
VARIABLE_31;§b31§Z;;;;;;;;;x
VARIABLE_32;§b32§Z;;;;;;;;;x
VARIABLE_33;§b33§Z;;;;;;;;;x
VARIABLE_34;§b34§Z;;;;;;;;;x
VARIABLE_35;§b35§Z;;;;;;;;;x
VARIABLE_36;§b36§Z;;;;;;;;;x
VARIABLE_37;§b37§Z;;;;;;;;;x
VARIABLE_38;§b38§Z;;;;;;;;;x
VARIABLE_39;§b39§Z;;;;;;;;;x
VARIABLE_40;§b40§Z;;;;;;;;;x
VARIABLE_41;§b41§Z;;;;;;;;;x
VARIABLE_42;§b42§Z;;;;;;;;;x
VARIABLE_43;§b43§Z;;;;;;;;;x
VARIABLE_44;§b44§Z;;;;;;;;;x
VARIABLE_45;§b45§Z;;;;;;;;;x
VARIABLE_46;§b46§Z;;;;;;;;;x
VARIABLE_47;§b47§Z;;;;;;;;;x
VARIABLE_48;§b48§Z;;;;;;;;;x
VARIABLE_49;§b49§Z;;;;;;;;;x
VARIABLE_50;§b50§Z;;;;;;;;;x
VARIABLE_51;§b51§Z;;;;;;;;;x
VARIABLE_52;§b52§Z;;;;;;;;;x
VARIABLE_53;§b53§Z;;;;;;;;;x
VARIABLE_54;§b54§Z;;;;;;;;;x
VARIABLE_55;§b55§Z;;;;;;;;;x
VARIABLE_56;§b56§Z;;;;;;;;;x
VARIABLE_57;§b57§Z;;;;;;;;;x
LINE_BREAK;\n§Z;;;;;;;;;x
LINE_BREAK_ALT;\n§z;;;;;;;
COLOR_RESET_LOC;§!;;;;;;
OUT_OF_TEN_LOC;§b/ 10§Z;;;;;;
BONAPARTIST_LOC;§bBonapartist Influence:§Z;;;;;;
REPUBLICAN_LOC;§bRepublican Influence:§Z;;;;;;
ORLEANIST_LOC;§bOrleanist Influence:§Z;;;;;;
SPRING_CHAOS_LOC;§WChaos:§z;;;;;;
SPRING_LIB_LOC;§WLiberalism:§z;;;;;;
SPRINGTIME_CURRENT_LIB;§bCurrent Liberalization:§Z;;;;;;
SPRINGTIME_CURRENT_CHAOS;§bCurrent Chaos:§Z;;;;;;
SPRING_NO_REFORMS_LOC;§WWe do not have the reforms required to take this option. As such, the effects are as if you accepted demands.§z;;;;;;
PLUS_RED_LOC;§R+§z;;;;;;
PLUS_GREEN_LOC;§G+§z;;;;;;
MINUS_RED_LOC;§R-§z;;;;;;
MINUS_GREEN_LOC;§G-§z;;;;;;
policing;Policing;;;;;;
RED_VARIABLE_0;§R0§z;;;;;;;;;x
RED_VARIABLE_1;§R1§z;;;;;;;;;x
RED_VARIABLE_2;§R2§z;;;;;;;;;x
RED_VARIABLE_3;§R3§z;;;;;;;;;x
RED_VARIABLE_4;§R4§z;;;;;;;;;x
RED_VARIABLE_5;§R5§z;;;;;;;;;x
RED_VARIABLE_6;§R6§z;;;;;;;;;x
RED_VARIABLE_7;§R7§z;;;;;;;;;x
RED_VARIABLE_8;§R8§z;;;;;;;;;x
RED_VARIABLE_9;§R9§z;;;;;;;;;x
RED_VARIABLE_10;§R10§z;;;;;;;;;x
RED_VARIABLE_11;§R11§z;;;;;;;;;x
RED_VARIABLE_12;§R12§z;;;;;;;;;x
RED_VARIABLE_13;§R13§z;;;;;;;;;x
RED_VARIABLE_14;§R14§z;;;;;;;;;x
RED_VARIABLE_15;§R15§z;;;;;;;;;x
RED_VARIABLE_16;§R16§z;;;;;;;;;x
RED_VARIABLE_17;§R17§z;;;;;;;;;x
RED_VARIABLE_18;§R18§z;;;;;;;;;x
RED_VARIABLE_19;§R19§z;;;;;;;;;x
RED_VARIABLE_20;§R20§z;;;;;;;;;x
RED_VARIABLE_21;§R21§z;;;;;;;;;x
RED_VARIABLE_22;§R22§z;;;;;;;;;x
RED_VARIABLE_23;§R23§z;;;;;;;;;x
RED_VARIABLE_24;§R24§z;;;;;;;;;x
RED_VARIABLE_25;§R25§z;;;;;;;;;x
RED_VARIABLE_26;§R26§z;;;;;;;;;x
RED_VARIABLE_27;§R27§z;;;;;;;;;x
RED_VARIABLE_28;§R28§z;;;;;;;;;x
RED_VARIABLE_29;§R29§z;;;;;;;;;x
RED_VARIABLE_30;§R30§z;;;;;;;;;x
RED_VARIABLE_31;§R31§z;;;;;;;;;x
RED_VARIABLE_32;§R32§z;;;;;;;;;x
RED_VARIABLE_33;§R33§z;;;;;;;;;x
RED_VARIABLE_34;§R34§z;;;;;;;;;x
RED_VARIABLE_35;§R35§z;;;;;;;;;x
RED_VARIABLE_36;§R36§z;;;;;;;;;x
RED_VARIABLE_37;§R37§z;;;;;;;;;x
RED_VARIABLE_38;§R38§z;;;;;;;;;x
RED_VARIABLE_39;§R39§z;;;;;;;;;x
RED_VARIABLE_40;§R40§z;;;;;;;;;x
RED_VARIABLE_41;§R41§z;;;;;;;;;x
RED_VARIABLE_42;§R42§z;;;;;;;;;x
RED_VARIABLE_43;§R43§z;;;;;;;;;x
RED_VARIABLE_44;§R44§z;;;;;;;;;x
RED_VARIABLE_45;§R45§z;;;;;;;;;x
RED_VARIABLE_46;§R46§z;;;;;;;;;x
RED_VARIABLE_47;§R47§z;;;;;;;;;x
RED_VARIABLE_48;§R48§z;;;;;;;;;x
RED_VARIABLE_49;§R49§z;;;;;;;;;x
RED_VARIABLE_50;§R50§z;;;;;;;;;x
RED_VARIABLE_51;§R51§z;;;;;;;;;x
RED_VARIABLE_52;§R52§z;;;;;;;;;x
RED_VARIABLE_53;§R53§z;;;;;;;;;x
RED_VARIABLE_54;§R54§z;;;;;;;;;x
RED_VARIABLE_55;§R55§z;;;;;;;;;x
RED_VARIABLE_56;§R56§z;;;;;;;;;x
RED_VARIABLE_57;§R57§z;;;;;;;;;x
GREEN_VARIABLE_0;§G0§z;;;;;;;;;x
GREEN_VARIABLE_1;§G1§z;;;;;;;;;x
GREEN_VARIABLE_2;§G2§z;;;;;;;;;x
GREEN_VARIABLE_3;§G3§z;;;;;;;;;x
GREEN_VARIABLE_4;§G4§z;;;;;;;;;x
GREEN_VARIABLE_5;§G5§z;;;;;;;;;x
GREEN_VARIABLE_6;§G6§z;;;;;;;;;x
GREEN_VARIABLE_7;§G7§z;;;;;;;;;x
GREEN_VARIABLE_8;§G8§z;;;;;;;;;x
GREEN_VARIABLE_9;§G9§z;;;;;;;;;x
GREEN_VARIABLE_10;§G10§z;;;;;;;;;x
GREEN_VARIABLE_11;§G11§z;;;;;;;;;x
GREEN_VARIABLE_12;§G12§z;;;;;;;;;x
GREEN_VARIABLE_13;§G13§z;;;;;;;;;x
GREEN_VARIABLE_14;§G14§z;;;;;;;;;x
GREEN_VARIABLE_15;§G15§z;;;;;;;;;x
GREEN_VARIABLE_16;§G16§z;;;;;;;;;x
GREEN_VARIABLE_17;§G17§z;;;;;;;;;x
GREEN_VARIABLE_18;§G18§z;;;;;;;;;x
GREEN_VARIABLE_19;§G19§z;;;;;;;;;x
GREEN_VARIABLE_20;§G20§z;;;;;;;;;x
GREEN_VARIABLE_21;§G21§z;;;;;;;;;x
GREEN_VARIABLE_22;§G22§z;;;;;;;;;x
GREEN_VARIABLE_23;§G23§z;;;;;;;;;x
GREEN_VARIABLE_24;§G24§z;;;;;;;;;x
GREEN_VARIABLE_25;§G25§z;;;;;;;;;x
GREEN_VARIABLE_26;§G26§z;;;;;;;;;x
GREEN_VARIABLE_27;§G27§z;;;;;;;;;x
GREEN_VARIABLE_28;§G28§z;;;;;;;;;x
GREEN_VARIABLE_29;§G29§z;;;;;;;;;x
GREEN_VARIABLE_30;§G30§z;;;;;;;;;x
GREEN_VARIABLE_31;§G31§z;;;;;;;;;x
GREEN_VARIABLE_32;§G32§z;;;;;;;;;x
GREEN_VARIABLE_33;§G33§z;;;;;;;;;x
GREEN_VARIABLE_34;§G34§z;;;;;;;;;x
GREEN_VARIABLE_35;§G35§z;;;;;;;;;x
GREEN_VARIABLE_36;§G36§z;;;;;;;;;x
GREEN_VARIABLE_37;§G37§z;;;;;;;;;x
GREEN_VARIABLE_38;§G38§z;;;;;;;;;x
GREEN_VARIABLE_39;§G39§z;;;;;;;;;x
GREEN_VARIABLE_40;§G40§z;;;;;;;;;x
GREEN_VARIABLE_41;§G41§z;;;;;;;;;x
GREEN_VARIABLE_42;§G42§z;;;;;;;;;x
GREEN_VARIABLE_43;§G43§z;;;;;;;;;x
GREEN_VARIABLE_44;§G44§z;;;;;;;;;x
GREEN_VARIABLE_45;§G45§z;;;;;;;;;x
GREEN_VARIABLE_46;§G46§z;;;;;;;;;x
GREEN_VARIABLE_47;§G47§z;;;;;;;;;x
GREEN_VARIABLE_48;§G48§z;;;;;;;;;x
GREEN_VARIABLE_49;§G49§z;;;;;;;;;x
GREEN_VARIABLE_50;§G50§z;;;;;;;;;x
GREEN_VARIABLE_51;§G51§z;;;;;;;;;x
GREEN_VARIABLE_52;§G52§z;;;;;;;;;x
GREEN_VARIABLE_53;§G53§z;;;;;;;;;x
GREEN_VARIABLE_54;§G54§z;;;;;;;;;x
GREEN_VARIABLE_55;§G55§z;;;;;;;;;x
GREEN_VARIABLE_56;§G56§z;;;;;;;;;x
GREEN_VARIABLE_57;§G57§z;;;;;;;;;x
chaos_1;§RChaos: 1/10;;;;;;;;;x
chaos_1_desc;Our country is struggling due to the ongoing revolutions!;;;;;;
chaos_2;§RChaos: 2/10;;;;;;;;;x
chaos_2_desc;Our country is struggling due to the ongoing revolutions!;;;;;;
chaos_3;§RChaos: 3/10;;;;;;;;;x
chaos_3_desc;Our country is struggling due to the ongoing revolutions!;;;;;;
chaos_4;§RChaos: 4/10;;;;;;;;;x
chaos_4_desc;Our country is struggling due to the ongoing revolutions!;;;;;;
chaos_5;§RChaos: 5/10;;;;;;;;;x
chaos_5_desc;Our country is struggling due to the ongoing revolutions!;;;;;;
chaos_6;§RChaos: 6/10;;;;;;;;;x
chaos_6_desc;Our country is struggling due to the ongoing revolutions!;;;;;;
chaos_7;§RChaos: 7/10;;;;;;;;;x
chaos_7_desc;Our country is struggling due to the ongoing revolutions!;;;;;;
chaos_8;§RChaos: 8/10;;;;;;;;;x
chaos_8_desc;Our country is struggling due to the ongoing revolutions!;;;;;;
chaos_9;§RChaos: 9/10;;;;;;;;;x
chaos_9_desc;Our country is struggling due to the ongoing revolutions!;;;;;;
chaos_10;§RChaos: 10+/10;;;;;;;;;x
chaos_10_desc;Our country is struggling due to the ongoing revolutions!;;;;;;
indian_dye_bonus;Indian Dye Industries;;;;;;
indian_dye_bonus_desc;This bonus exists to improve dye production while indian dye provinces are owned by Indian uncivs. It will go away when this province is owned by a non-Indian nation.;;;;;;
russian_sap;Russian Sap;;;;;;;
russian_sap_desc;A 'Russian Sap' were trenches dug under the ground to the enemy line prior to an assault which were then blown open, allowing attackers to reach the enemy line without facing machine gun fire in the open, or having to rely on artillery supression.;;;;;;